Molecule A_OrganicSmiles,Molecule B_OrganicSmiles,Residue Index
CC1=C(C=C(C=C1)N=NC2=C(C=C(C(=C2)C)N)N)N=NC3=C(C=C(C(=C3)C)N)N.Cl.Cl  ,COC1=C(C=CC(=C1)C2=CC(=C(C=C2)N=NC3=C(C4=C(C=C3)C(=CC(=C4N)S(=O)(=O)[O-])S(=O)(=O)[O-])O)OC)N=NC5=C(C6=C(C=C5)C(=CC(=C6N)S(=O)(=O)[O-])S(=O)(=O)[O-])O.[Na+].[Na+].[Na+].[Na+],0
CC1=C(C=C(C=C1)N=NC2=C(C=C(C(=C2)C)N)N)N=NC3=C(C=C(C(=C3)C)N)N.Cl.Cl  ,CC1=CC=CC=C1N=NC2=CC(=C(C=C2)N=NC3=C(C=CC4=CC=CC=C43)O)C ,1
CC1=C(C=C(C=C1)N=NC2=C(C=C(C(=C2)C)N)N)N=NC3=C(C=C(C(=C3)C)N)N.Cl.Cl  ,CC1=C(C=CC(=C1)C2(C3=CC=CC=C3S(=O)(=O)O2)C4=CC(=C(C=C4)O)C)O ,0
CC1=C(C=C(C=C1)N=NC2=C(C=C(C(=C2)C)N)N)N=NC3=C(C=C(C(=C3)C)N)N.Cl.Cl  ,C1=CC=C2C(=C1)C(=CC(=C2N)N=NC3=CC=C(C=C3)C4=CC=C(C=C4)N=NC5=C(C6=CC=CC=C6C(=C5)S(=O)(=O)[O-])N)S(=O)(=O)[O-].[Na+].[Na+] ,0
CC1=C(C=C(C=C1)N=NC2=C(C=C(C(=C2)C)N)N)N=NC3=C(C=C(C(=C3)C)N)N.Cl.Cl  ,CCCN(CCC)C(=O)CN.Cl,0
CC1=C(C=C(C=C1)N=NC2=C(C=C(C(=C2)C)N)N)N=NC3=C(C=C(C(=C3)C)N)N.Cl.Cl  ,CCOC1=CC=C(C=C1)N=NC2=CC(=C(C=C2)/C=C/C3=C(C=C(C=C3)N=NC4=CC=C(C=C4)OCC)S(=O)(=O)[O-])S(=O)(=O)[O-].[Na+].[Na+] ,1
CC1=C(C=C(C=C1)N=NC2=C(C=C(C(=C2)C)N)N)N=NC3=C(C=C(C(=C3)C)N)N.Cl.Cl  ,CCN(CC)C1=CC2=C(C=C1)C(=C3C=CC(=[N+](CC)CC)C=C3O2)C4=CC=CC=C4C(=O)O.[Cl-]  ,0
CC1=C(C=C(C=C1)N=NC2=C(C=C(C(=C2)C)N)N)N=NC3=C(C=C(C(=C3)C)N)N.Cl.Cl  ,C1CC2=C3C(=C4C(=C2)C=C(C(=O)O4)C(=O)O)CCCN3C1  ,0
CC1=C(C=C(C=C1)N=NC2=C(C=C(C(=C2)C)N)N)N=NC3=C(C=C(C(=C3)C)N)N.Cl.Cl  ,C1CC2=C3C(=C4C(=C2)C=C(C(=O)O4)C5=CN=CC=C5)CCCN3C1,1
CC1=C(C=C(C=C1)N=NC2=C(C=C(C(=C2)C)N)N)N=NC3=C(C=C(C(=C3)C)N)N.Cl.Cl  ,CN(C)C1=CC=C(C=C1)N=NC2=CC=CC=C2C(=O)O,1
CC1=C(C=C(C=C1)N=NC2=C(C=C(C(=C2)C)N)N)N=NC3=C(C=C(C(=C3)C)N)N.Cl.Cl  ,CCNC1=CC2=C(C=C1C)C(=C3C=C(C(=[NH+]CC)C=C3O2)C)C4=CC=CC=C4C(=O)OCC.[Cl-]  ,0
CC1=C(C=C(C=C1)N=NC2=C(C=C(C(=C2)C)N)N)N=NC3=C(C=C(C(=C3)C)N)N.Cl.Cl  ,C1=CC=C(C=C1)N=NC2=C(C=CC3=C2C=CC(=C3)S(=O)(=O)[O-])O.[Na+]  ,1
CC1=C(C=C(C=C1)N=NC2=C(C=C(C(=C2)C)N)N)N=NC3=C(C=C(C(=C3)C)N)N.Cl.Cl  ,C1=CC=C2C(=C1)C(=CC=C2N=NC3=CC4=C(C=CC=C4S(=O)(=O)[O-])C(=C3)S(=O)(=O)[O-])N=NC5=C6C=CC(=CC6=C(C=C5)N=NC7=C(C=C8C=C(C=CC8=C7O)N)S(=O)(=O)[O-])S(=O)(=O)[O-].[Na+].[Na+].[Na+].[Na+]  ,1
CC1=C(C=C(C=C1)N=NC2=C(C=C(C(=C2)C)N)N)N=NC3=C(C=C(C(=C3)C)N)N.Cl.Cl  ,CCN(CCCl)C1=CC(=C(C=C1)/C=C/C2=[N+](C3=CC=CC=C3C2(C)C)C)C.[Cl-]  ,1
COC1=C(C=CC(=C1)C2=CC(=C(C=C2)N=NC3=C(C4=C(C=C3)C(=CC(=C4N)S(=O)(=O)[O-])S(=O)(=O)[O-])O)OC)N=NC5=C(C6=C(C=C5)C(=CC(=C6N)S(=O)(=O)[O-])S(=O)(=O)[O-])O.[Na+].[Na+].[Na+].[Na+],CC1=CC=CC=C1N=NC2=CC(=C(C=C2)N=NC3=C(C=CC4=CC=CC=C43)O)C ,1
COC1=C(C=CC(=C1)C2=CC(=C(C=C2)N=NC3=C(C4=C(C=C3)C(=CC(=C4N)S(=O)(=O)[O-])S(=O)(=O)[O-])O)OC)N=NC5=C(C6=C(C=C5)C(=CC(=C6N)S(=O)(=O)[O-])S(=O)(=O)[O-])O.[Na+].[Na+].[Na+].[Na+],CC1=C(C=CC(=C1)C2(C3=CC=CC=C3S(=O)(=O)O2)C4=CC(=C(C=C4)O)C)O ,0
COC1=C(C=CC(=C1)C2=CC(=C(C=C2)N=NC3=C(C4=C(C=C3)C(=CC(=C4N)S(=O)(=O)[O-])S(=O)(=O)[O-])O)OC)N=NC5=C(C6=C(C=C5)C(=CC(=C6N)S(=O)(=O)[O-])S(=O)(=O)[O-])O.[Na+].[Na+].[Na+].[Na+],C1=CC=C2C(=C1)C(=CC(=C2N)N=NC3=CC=C(C=C3)C4=CC=C(C=C4)N=NC5=C(C6=CC=CC=C6C(=C5)S(=O)(=O)[O-])N)S(=O)(=O)[O-].[Na+].[Na+] ,1
COC1=C(C=CC(=C1)C2=CC(=C(C=C2)N=NC3=C(C4=C(C=C3)C(=CC(=C4N)S(=O)(=O)[O-])S(=O)(=O)[O-])O)OC)N=NC5=C(C6=C(C=C5)C(=CC(=C6N)S(=O)(=O)[O-])S(=O)(=O)[O-])O.[Na+].[Na+].[Na+].[Na+],CCCN(CCC)C(=O)CN.Cl,1
COC1=C(C=CC(=C1)C2=CC(=C(C=C2)N=NC3=C(C4=C(C=C3)C(=CC(=C4N)S(=O)(=O)[O-])S(=O)(=O)[O-])O)OC)N=NC5=C(C6=C(C=C5)C(=CC(=C6N)S(=O)(=O)[O-])S(=O)(=O)[O-])O.[Na+].[Na+].[Na+].[Na+],CCOC1=CC=C(C=C1)N=NC2=CC(=C(C=C2)/C=C/C3=C(C=C(C=C3)N=NC4=CC=C(C=C4)OCC)S(=O)(=O)[O-])S(=O)(=O)[O-].[Na+].[Na+] ,0
COC1=C(C=CC(=C1)C2=CC(=C(C=C2)N=NC3=C(C4=C(C=C3)C(=CC(=C4N)S(=O)(=O)[O-])S(=O)(=O)[O-])O)OC)N=NC5=C(C6=C(C=C5)C(=CC(=C6N)S(=O)(=O)[O-])S(=O)(=O)[O-])O.[Na+].[Na+].[Na+].[Na+],CCN(CC)C1=CC2=C(C=C1)C(=C3C=CC(=[N+](CC)CC)C=C3O2)C4=CC=CC=C4C(=O)O.[Cl-]  ,0
COC1=C(C=CC(=C1)C2=CC(=C(C=C2)N=NC3=C(C4=C(C=C3)C(=CC(=C4N)S(=O)(=O)[O-])S(=O)(=O)[O-])O)OC)N=NC5=C(C6=C(C=C5)C(=CC(=C6N)S(=O)(=O)[O-])S(=O)(=O)[O-])O.[Na+].[Na+].[Na+].[Na+],C1CC2=C3C(=C4C(=C2)C=C(C(=O)O4)C(=O)O)CCCN3C1  ,0
COC1=C(C=CC(=C1)C2=CC(=C(C=C2)N=NC3=C(C4=C(C=C3)C(=CC(=C4N)S(=O)(=O)[O-])S(=O)(=O)[O-])O)OC)N=NC5=C(C6=C(C=C5)C(=CC(=C6N)S(=O)(=O)[O-])S(=O)(=O)[O-])O.[Na+].[Na+].[Na+].[Na+],C1CC2=C3C(=C4C(=C2)C=C(C(=O)O4)C5=CN=CC=C5)CCCN3C1,0
COC1=C(C=CC(=C1)C2=CC(=C(C=C2)N=NC3=C(C4=C(C=C3)C(=CC(=C4N)S(=O)(=O)[O-])S(=O)(=O)[O-])O)OC)N=NC5=C(C6=C(C=C5)C(=CC(=C6N)S(=O)(=O)[O-])S(=O)(=O)[O-])O.[Na+].[Na+].[Na+].[Na+],CN(C)C1=CC=C(C=C1)N=NC2=CC=CC=C2C(=O)O,0
COC1=C(C=CC(=C1)C2=CC(=C(C=C2)N=NC3=C(C4=C(C=C3)C(=CC(=C4N)S(=O)(=O)[O-])S(=O)(=O)[O-])O)OC)N=NC5=C(C6=C(C=C5)C(=CC(=C6N)S(=O)(=O)[O-])S(=O)(=O)[O-])O.[Na+].[Na+].[Na+].[Na+],CCNC1=CC2=C(C=C1C)C(=C3C=C(C(=[NH+]CC)C=C3O2)C)C4=CC=CC=C4C(=O)OCC.[Cl-]  ,0
COC1=C(C=CC(=C1)C2=CC(=C(C=C2)N=NC3=C(C4=C(C=C3)C(=CC(=C4N)S(=O)(=O)[O-])S(=O)(=O)[O-])O)OC)N=NC5=C(C6=C(C=C5)C(=CC(=C6N)S(=O)(=O)[O-])S(=O)(=O)[O-])O.[Na+].[Na+].[Na+].[Na+],C1=CC=C(C=C1)N=NC2=C(C=CC3=C2C=CC(=C3)S(=O)(=O)[O-])O.[Na+]  ,0
COC1=C(C=CC(=C1)C2=CC(=C(C=C2)N=NC3=C(C4=C(C=C3)C(=CC(=C4N)S(=O)(=O)[O-])S(=O)(=O)[O-])O)OC)N=NC5=C(C6=C(C=C5)C(=CC(=C6N)S(=O)(=O)[O-])S(=O)(=O)[O-])O.[Na+].[Na+].[Na+].[Na+],C1=CC=C2C(=C1)C(=CC=C2N=NC3=CC4=C(C=CC=C4S(=O)(=O)[O-])C(=C3)S(=O)(=O)[O-])N=NC5=C6C=CC(=CC6=C(C=C5)N=NC7=C(C=C8C=C(C=CC8=C7O)N)S(=O)(=O)[O-])S(=O)(=O)[O-].[Na+].[Na+].[Na+].[Na+]  ,0
COC1=C(C=CC(=C1)C2=CC(=C(C=C2)N=NC3=C(C4=C(C=C3)C(=CC(=C4N)S(=O)(=O)[O-])S(=O)(=O)[O-])O)OC)N=NC5=C(C6=C(C=C5)C(=CC(=C6N)S(=O)(=O)[O-])S(=O)(=O)[O-])O.[Na+].[Na+].[Na+].[Na+],CCN(CCCl)C1=CC(=C(C=C1)/C=C/C2=[N+](C3=CC=CC=C3C2(C)C)C)C.[Cl-]  ,1
CC1=CC=CC=C1N=NC2=CC(=C(C=C2)N=NC3=C(C=CC4=CC=CC=C43)O)C ,CC1=C(C=CC(=C1)C2(C3=CC=CC=C3S(=O)(=O)O2)C4=CC(=C(C=C4)O)C)O ,1
CC1=CC=CC=C1N=NC2=CC(=C(C=C2)N=NC3=C(C=CC4=CC=CC=C43)O)C ,C1=CC=C2C(=C1)C(=CC(=C2N)N=NC3=CC=C(C=C3)C4=CC=C(C=C4)N=NC5=C(C6=CC=CC=C6C(=C5)S(=O)(=O)[O-])N)S(=O)(=O)[O-].[Na+].[Na+] ,1
CC1=CC=CC=C1N=NC2=CC(=C(C=C2)N=NC3=C(C=CC4=CC=CC=C43)O)C ,CCCN(CCC)C(=O)CN.Cl,1
CC1=CC=CC=C1N=NC2=CC(=C(C=C2)N=NC3=C(C=CC4=CC=CC=C43)O)C ,CCOC1=CC=C(C=C1)N=NC2=CC(=C(C=C2)/C=C/C3=C(C=C(C=C3)N=NC4=CC=C(C=C4)OCC)S(=O)(=O)[O-])S(=O)(=O)[O-].[Na+].[Na+] ,1
CC1=CC=CC=C1N=NC2=CC(=C(C=C2)N=NC3=C(C=CC4=CC=CC=C43)O)C ,CCN(CC)C1=CC2=C(C=C1)C(=C3C=CC(=[N+](CC)CC)C=C3O2)C4=CC=CC=C4C(=O)O.[Cl-]  ,1
CC1=CC=CC=C1N=NC2=CC(=C(C=C2)N=NC3=C(C=CC4=CC=CC=C43)O)C ,C1CC2=C3C(=C4C(=C2)C=C(C(=O)O4)C(=O)O)CCCN3C1  ,1
CC1=CC=CC=C1N=NC2=CC(=C(C=C2)N=NC3=C(C=CC4=CC=CC=C43)O)C ,C1CC2=C3C(=C4C(=C2)C=C(C(=O)O4)C5=CN=CC=C5)CCCN3C1,0
CC1=CC=CC=C1N=NC2=CC(=C(C=C2)N=NC3=C(C=CC4=CC=CC=C43)O)C ,CN(C)C1=CC=C(C=C1)N=NC2=CC=CC=C2C(=O)O,1
CC1=CC=CC=C1N=NC2=CC(=C(C=C2)N=NC3=C(C=CC4=CC=CC=C43)O)C ,CCNC1=CC2=C(C=C1C)C(=C3C=C(C(=[NH+]CC)C=C3O2)C)C4=CC=CC=C4C(=O)OCC.[Cl-]  ,0
CC1=CC=CC=C1N=NC2=CC(=C(C=C2)N=NC3=C(C=CC4=CC=CC=C43)O)C ,C1=CC=C(C=C1)N=NC2=C(C=CC3=C2C=CC(=C3)S(=O)(=O)[O-])O.[Na+]  ,0
CC1=CC=CC=C1N=NC2=CC(=C(C=C2)N=NC3=C(C=CC4=CC=CC=C43)O)C ,C1=CC=C2C(=C1)C(=CC=C2N=NC3=CC4=C(C=CC=C4S(=O)(=O)[O-])C(=C3)S(=O)(=O)[O-])N=NC5=C6C=CC(=CC6=C(C=C5)N=NC7=C(C=C8C=C(C=CC8=C7O)N)S(=O)(=O)[O-])S(=O)(=O)[O-].[Na+].[Na+].[Na+].[Na+]  ,1
CC1=CC=CC=C1N=NC2=CC(=C(C=C2)N=NC3=C(C=CC4=CC=CC=C43)O)C ,CCN(CCCl)C1=CC(=C(C=C1)/C=C/C2=[N+](C3=CC=CC=C3C2(C)C)C)C.[Cl-]  ,0
CC1=C(C=CC(=C1)C2(C3=CC=CC=C3S(=O)(=O)O2)C4=CC(=C(C=C4)O)C)O ,C1=CC=C2C(=C1)C(=CC(=C2N)N=NC3=CC=C(C=C3)C4=CC=C(C=C4)N=NC5=C(C6=CC=CC=C6C(=C5)S(=O)(=O)[O-])N)S(=O)(=O)[O-].[Na+].[Na+] ,1
CC1=C(C=CC(=C1)C2(C3=CC=CC=C3S(=O)(=O)O2)C4=CC(=C(C=C4)O)C)O ,CCCN(CCC)C(=O)CN.Cl,0
CC1=C(C=CC(=C1)C2(C3=CC=CC=C3S(=O)(=O)O2)C4=CC(=C(C=C4)O)C)O ,CCOC1=CC=C(C=C1)N=NC2=CC(=C(C=C2)/C=C/C3=C(C=C(C=C3)N=NC4=CC=C(C=C4)OCC)S(=O)(=O)[O-])S(=O)(=O)[O-].[Na+].[Na+] ,0
CC1=C(C=CC(=C1)C2(C3=CC=CC=C3S(=O)(=O)O2)C4=CC(=C(C=C4)O)C)O ,CCN(CC)C1=CC2=C(C=C1)C(=C3C=CC(=[N+](CC)CC)C=C3O2)C4=CC=CC=C4C(=O)O.[Cl-]  ,0
CC1=C(C=CC(=C1)C2(C3=CC=CC=C3S(=O)(=O)O2)C4=CC(=C(C=C4)O)C)O ,C1CC2=C3C(=C4C(=C2)C=C(C(=O)O4)C(=O)O)CCCN3C1  ,0
CC1=C(C=CC(=C1)C2(C3=CC=CC=C3S(=O)(=O)O2)C4=CC(=C(C=C4)O)C)O ,C1CC2=C3C(=C4C(=C2)C=C(C(=O)O4)C5=CN=CC=C5)CCCN3C1,1
CC1=C(C=CC(=C1)C2(C3=CC=CC=C3S(=O)(=O)O2)C4=CC(=C(C=C4)O)C)O ,CN(C)C1=CC=C(C=C1)N=NC2=CC=CC=C2C(=O)O,1
CC1=C(C=CC(=C1)C2(C3=CC=CC=C3S(=O)(=O)O2)C4=CC(=C(C=C4)O)C)O ,CCNC1=CC2=C(C=C1C)C(=C3C=C(C(=[NH+]CC)C=C3O2)C)C4=CC=CC=C4C(=O)OCC.[Cl-]  ,1
CC1=C(C=CC(=C1)C2(C3=CC=CC=C3S(=O)(=O)O2)C4=CC(=C(C=C4)O)C)O ,C1=CC=C(C=C1)N=NC2=C(C=CC3=C2C=CC(=C3)S(=O)(=O)[O-])O.[Na+]  ,1
CC1=C(C=CC(=C1)C2(C3=CC=CC=C3S(=O)(=O)O2)C4=CC(=C(C=C4)O)C)O ,C1=CC=C2C(=C1)C(=CC=C2N=NC3=CC4=C(C=CC=C4S(=O)(=O)[O-])C(=C3)S(=O)(=O)[O-])N=NC5=C6C=CC(=CC6=C(C=C5)N=NC7=C(C=C8C=C(C=CC8=C7O)N)S(=O)(=O)[O-])S(=O)(=O)[O-].[Na+].[Na+].[Na+].[Na+]  ,1
CC1=C(C=CC(=C1)C2(C3=CC=CC=C3S(=O)(=O)O2)C4=CC(=C(C=C4)O)C)O ,CCN(CCCl)C1=CC(=C(C=C1)/C=C/C2=[N+](C3=CC=CC=C3C2(C)C)C)C.[Cl-]  ,1
C1=CC=C2C(=C1)C(=CC(=C2N)N=NC3=CC=C(C=C3)C4=CC=C(C=C4)N=NC5=C(C6=CC=CC=C6C(=C5)S(=O)(=O)[O-])N)S(=O)(=O)[O-].[Na+].[Na+] ,CCCN(CCC)C(=O)CN.Cl,0
C1=CC=C2C(=C1)C(=CC(=C2N)N=NC3=CC=C(C=C3)C4=CC=C(C=C4)N=NC5=C(C6=CC=CC=C6C(=C5)S(=O)(=O)[O-])N)S(=O)(=O)[O-].[Na+].[Na+] ,CCOC1=CC=C(C=C1)N=NC2=CC(=C(C=C2)/C=C/C3=C(C=C(C=C3)N=NC4=CC=C(C=C4)OCC)S(=O)(=O)[O-])S(=O)(=O)[O-].[Na+].[Na+] ,0
C1=CC=C2C(=C1)C(=CC(=C2N)N=NC3=CC=C(C=C3)C4=CC=C(C=C4)N=NC5=C(C6=CC=CC=C6C(=C5)S(=O)(=O)[O-])N)S(=O)(=O)[O-].[Na+].[Na+] ,CCN(CC)C1=CC2=C(C=C1)C(=C3C=CC(=[N+](CC)CC)C=C3O2)C4=CC=CC=C4C(=O)O.[Cl-]  ,0
C1=CC=C2C(=C1)C(=CC(=C2N)N=NC3=CC=C(C=C3)C4=CC=C(C=C4)N=NC5=C(C6=CC=CC=C6C(=C5)S(=O)(=O)[O-])N)S(=O)(=O)[O-].[Na+].[Na+] ,C1CC2=C3C(=C4C(=C2)C=C(C(=O)O4)C(=O)O)CCCN3C1  ,0
C1=CC=C2C(=C1)C(=CC(=C2N)N=NC3=CC=C(C=C3)C4=CC=C(C=C4)N=NC5=C(C6=CC=CC=C6C(=C5)S(=O)(=O)[O-])N)S(=O)(=O)[O-].[Na+].[Na+] ,C1CC2=C3C(=C4C(=C2)C=C(C(=O)O4)C5=CN=CC=C5)CCCN3C1,1
C1=CC=C2C(=C1)C(=CC(=C2N)N=NC3=CC=C(C=C3)C4=CC=C(C=C4)N=NC5=C(C6=CC=CC=C6C(=C5)S(=O)(=O)[O-])N)S(=O)(=O)[O-].[Na+].[Na+] ,CN(C)C1=CC=C(C=C1)N=NC2=CC=CC=C2C(=O)O,0
C1=CC=C2C(=C1)C(=CC(=C2N)N=NC3=CC=C(C=C3)C4=CC=C(C=C4)N=NC5=C(C6=CC=CC=C6C(=C5)S(=O)(=O)[O-])N)S(=O)(=O)[O-].[Na+].[Na+] ,CCNC1=CC2=C(C=C1C)C(=C3C=C(C(=[NH+]CC)C=C3O2)C)C4=CC=CC=C4C(=O)OCC.[Cl-]  ,0
C1=CC=C2C(=C1)C(=CC(=C2N)N=NC3=CC=C(C=C3)C4=CC=C(C=C4)N=NC5=C(C6=CC=CC=C6C(=C5)S(=O)(=O)[O-])N)S(=O)(=O)[O-].[Na+].[Na+] ,C1=CC=C(C=C1)N=NC2=C(C=CC3=C2C=CC(=C3)S(=O)(=O)[O-])O.[Na+]  ,0
C1=CC=C2C(=C1)C(=CC(=C2N)N=NC3=CC=C(C=C3)C4=CC=C(C=C4)N=NC5=C(C6=CC=CC=C6C(=C5)S(=O)(=O)[O-])N)S(=O)(=O)[O-].[Na+].[Na+] ,C1=CC=C2C(=C1)C(=CC=C2N=NC3=CC4=C(C=CC=C4S(=O)(=O)[O-])C(=C3)S(=O)(=O)[O-])N=NC5=C6C=CC(=CC6=C(C=C5)N=NC7=C(C=C8C=C(C=CC8=C7O)N)S(=O)(=O)[O-])S(=O)(=O)[O-].[Na+].[Na+].[Na+].[Na+]  ,1
C1=CC=C2C(=C1)C(=CC(=C2N)N=NC3=CC=C(C=C3)C4=CC=C(C=C4)N=NC5=C(C6=CC=CC=C6C(=C5)S(=O)(=O)[O-])N)S(=O)(=O)[O-].[Na+].[Na+] ,CCN(CCCl)C1=CC(=C(C=C1)/C=C/C2=[N+](C3=CC=CC=C3C2(C)C)C)C.[Cl-]  ,1
CCCN(CCC)C(=O)CN.Cl,CCOC1=CC=C(C=C1)N=NC2=CC(=C(C=C2)/C=C/C3=C(C=C(C=C3)N=NC4=CC=C(C=C4)OCC)S(=O)(=O)[O-])S(=O)(=O)[O-].[Na+].[Na+] ,1
CCCN(CCC)C(=O)CN.Cl,CCN(CC)C1=CC2=C(C=C1)C(=C3C=CC(=[N+](CC)CC)C=C3O2)C4=CC=CC=C4C(=O)O.[Cl-]  ,1
CCCN(CCC)C(=O)CN.Cl,C1CC2=C3C(=C4C(=C2)C=C(C(=O)O4)C(=O)O)CCCN3C1  ,1
CCCN(CCC)C(=O)CN.Cl,C1CC2=C3C(=C4C(=C2)C=C(C(=O)O4)C5=CN=CC=C5)CCCN3C1,0
CCCN(CCC)C(=O)CN.Cl,CN(C)C1=CC=C(C=C1)N=NC2=CC=CC=C2C(=O)O,1
CCCN(CCC)C(=O)CN.Cl,CCNC1=CC2=C(C=C1C)C(=C3C=C(C(=[NH+]CC)C=C3O2)C)C4=CC=CC=C4C(=O)OCC.[Cl-]  ,1
CCCN(CCC)C(=O)CN.Cl,C1=CC=C(C=C1)N=NC2=C(C=CC3=C2C=CC(=C3)S(=O)(=O)[O-])O.[Na+]  ,1
CCCN(CCC)C(=O)CN.Cl,C1=CC=C2C(=C1)C(=CC=C2N=NC3=CC4=C(C=CC=C4S(=O)(=O)[O-])C(=C3)S(=O)(=O)[O-])N=NC5=C6C=CC(=CC6=C(C=C5)N=NC7=C(C=C8C=C(C=CC8=C7O)N)S(=O)(=O)[O-])S(=O)(=O)[O-].[Na+].[Na+].[Na+].[Na+]  ,0
CCCN(CCC)C(=O)CN.Cl,CCN(CCCl)C1=CC(=C(C=C1)/C=C/C2=[N+](C3=CC=CC=C3C2(C)C)C)C.[Cl-]  ,1
CCOC1=CC=C(C=C1)N=NC2=CC(=C(C=C2)/C=C/C3=C(C=C(C=C3)N=NC4=CC=C(C=C4)OCC)S(=O)(=O)[O-])S(=O)(=O)[O-].[Na+].[Na+] ,CCN(CC)C1=CC2=C(C=C1)C(=C3C=CC(=[N+](CC)CC)C=C3O2)C4=CC=CC=C4C(=O)O.[Cl-]  ,0
CCOC1=CC=C(C=C1)N=NC2=CC(=C(C=C2)/C=C/C3=C(C=C(C=C3)N=NC4=CC=C(C=C4)OCC)S(=O)(=O)[O-])S(=O)(=O)[O-].[Na+].[Na+] ,C1CC2=C3C(=C4C(=C2)C=C(C(=O)O4)C(=O)O)CCCN3C1  ,0
CCOC1=CC=C(C=C1)N=NC2=CC(=C(C=C2)/C=C/C3=C(C=C(C=C3)N=NC4=CC=C(C=C4)OCC)S(=O)(=O)[O-])S(=O)(=O)[O-].[Na+].[Na+] ,C1CC2=C3C(=C4C(=C2)C=C(C(=O)O4)C5=CN=CC=C5)CCCN3C1,1
CCOC1=CC=C(C=C1)N=NC2=CC(=C(C=C2)/C=C/C3=C(C=C(C=C3)N=NC4=CC=C(C=C4)OCC)S(=O)(=O)[O-])S(=O)(=O)[O-].[Na+].[Na+] ,CN(C)C1=CC=C(C=C1)N=NC2=CC=CC=C2C(=O)O,0
CCOC1=CC=C(C=C1)N=NC2=CC(=C(C=C2)/C=C/C3=C(C=C(C=C3)N=NC4=CC=C(C=C4)OCC)S(=O)(=O)[O-])S(=O)(=O)[O-].[Na+].[Na+] ,CCNC1=CC2=C(C=C1C)C(=C3C=C(C(=[NH+]CC)C=C3O2)C)C4=CC=CC=C4C(=O)OCC.[Cl-]  ,1
CCOC1=CC=C(C=C1)N=NC2=CC(=C(C=C2)/C=C/C3=C(C=C(C=C3)N=NC4=CC=C(C=C4)OCC)S(=O)(=O)[O-])S(=O)(=O)[O-].[Na+].[Na+] ,C1=CC=C(C=C1)N=NC2=C(C=CC3=C2C=CC(=C3)S(=O)(=O)[O-])O.[Na+]  ,1
CCOC1=CC=C(C=C1)N=NC2=CC(=C(C=C2)/C=C/C3=C(C=C(C=C3)N=NC4=CC=C(C=C4)OCC)S(=O)(=O)[O-])S(=O)(=O)[O-].[Na+].[Na+] ,C1=CC=C2C(=C1)C(=CC=C2N=NC3=CC4=C(C=CC=C4S(=O)(=O)[O-])C(=C3)S(=O)(=O)[O-])N=NC5=C6C=CC(=CC6=C(C=C5)N=NC7=C(C=C8C=C(C=CC8=C7O)N)S(=O)(=O)[O-])S(=O)(=O)[O-].[Na+].[Na+].[Na+].[Na+]  ,1
CCOC1=CC=C(C=C1)N=NC2=CC(=C(C=C2)/C=C/C3=C(C=C(C=C3)N=NC4=CC=C(C=C4)OCC)S(=O)(=O)[O-])S(=O)(=O)[O-].[Na+].[Na+] ,CCN(CCCl)C1=CC(=C(C=C1)/C=C/C2=[N+](C3=CC=CC=C3C2(C)C)C)C.[Cl-]  ,1
CCN(CC)C1=CC2=C(C=C1)C(=C3C=CC(=[N+](CC)CC)C=C3O2)C4=CC=CC=C4C(=O)O.[Cl-]  ,C1CC2=C3C(=C4C(=C2)C=C(C(=O)O4)C(=O)O)CCCN3C1  ,0
CCN(CC)C1=CC2=C(C=C1)C(=C3C=CC(=[N+](CC)CC)C=C3O2)C4=CC=CC=C4C(=O)O.[Cl-]  ,C1CC2=C3C(=C4C(=C2)C=C(C(=O)O4)C5=CN=CC=C5)CCCN3C1,0
CCN(CC)C1=CC2=C(C=C1)C(=C3C=CC(=[N+](CC)CC)C=C3O2)C4=CC=CC=C4C(=O)O.[Cl-]  ,CN(C)C1=CC=C(C=C1)N=NC2=CC=CC=C2C(=O)O,0
CCN(CC)C1=CC2=C(C=C1)C(=C3C=CC(=[N+](CC)CC)C=C3O2)C4=CC=CC=C4C(=O)O.[Cl-]  ,CCNC1=CC2=C(C=C1C)C(=C3C=C(C(=[NH+]CC)C=C3O2)C)C4=CC=CC=C4C(=O)OCC.[Cl-]  ,0
CCN(CC)C1=CC2=C(C=C1)C(=C3C=CC(=[N+](CC)CC)C=C3O2)C4=CC=CC=C4C(=O)O.[Cl-]  ,C1=CC=C(C=C1)N=NC2=C(C=CC3=C2C=CC(=C3)S(=O)(=O)[O-])O.[Na+]  ,0
CCN(CC)C1=CC2=C(C=C1)C(=C3C=CC(=[N+](CC)CC)C=C3O2)C4=CC=CC=C4C(=O)O.[Cl-]  ,C1=CC=C2C(=C1)C(=CC=C2N=NC3=CC4=C(C=CC=C4S(=O)(=O)[O-])C(=C3)S(=O)(=O)[O-])N=NC5=C6C=CC(=CC6=C(C=C5)N=NC7=C(C=C8C=C(C=CC8=C7O)N)S(=O)(=O)[O-])S(=O)(=O)[O-].[Na+].[Na+].[Na+].[Na+]  ,1
CCN(CC)C1=CC2=C(C=C1)C(=C3C=CC(=[N+](CC)CC)C=C3O2)C4=CC=CC=C4C(=O)O.[Cl-]  ,CCN(CCCl)C1=CC(=C(C=C1)/C=C/C2=[N+](C3=CC=CC=C3C2(C)C)C)C.[Cl-]  ,1
C1CC2=C3C(=C4C(=C2)C=C(C(=O)O4)C(=O)O)CCCN3C1  ,C1CC2=C3C(=C4C(=C2)C=C(C(=O)O4)C5=CN=CC=C5)CCCN3C1,1
C1CC2=C3C(=C4C(=C2)C=C(C(=O)O4)C(=O)O)CCCN3C1  ,CN(C)C1=CC=C(C=C1)N=NC2=CC=CC=C2C(=O)O,0
C1CC2=C3C(=C4C(=C2)C=C(C(=O)O4)C(=O)O)CCCN3C1  ,CCNC1=CC2=C(C=C1C)C(=C3C=C(C(=[NH+]CC)C=C3O2)C)C4=CC=CC=C4C(=O)OCC.[Cl-]  ,1
C1CC2=C3C(=C4C(=C2)C=C(C(=O)O4)C(=O)O)CCCN3C1  ,C1=CC=C(C=C1)N=NC2=C(C=CC3=C2C=CC(=C3)S(=O)(=O)[O-])O.[Na+]  ,1
C1CC2=C3C(=C4C(=C2)C=C(C(=O)O4)C(=O)O)CCCN3C1  ,C1=CC=C2C(=C1)C(=CC=C2N=NC3=CC4=C(C=CC=C4S(=O)(=O)[O-])C(=C3)S(=O)(=O)[O-])N=NC5=C6C=CC(=CC6=C(C=C5)N=NC7=C(C=C8C=C(C=CC8=C7O)N)S(=O)(=O)[O-])S(=O)(=O)[O-].[Na+].[Na+].[Na+].[Na+]  ,0
C1CC2=C3C(=C4C(=C2)C=C(C(=O)O4)C(=O)O)CCCN3C1  ,CCN(CCCl)C1=CC(=C(C=C1)/C=C/C2=[N+](C3=CC=CC=C3C2(C)C)C)C.[Cl-]  ,1
C1CC2=C3C(=C4C(=C2)C=C(C(=O)O4)C5=CN=CC=C5)CCCN3C1,CN(C)C1=CC=C(C=C1)N=NC2=CC=CC=C2C(=O)O,1
C1CC2=C3C(=C4C(=C2)C=C(C(=O)O4)C5=CN=CC=C5)CCCN3C1,CCNC1=CC2=C(C=C1C)C(=C3C=C(C(=[NH+]CC)C=C3O2)C)C4=CC=CC=C4C(=O)OCC.[Cl-]  ,1
C1CC2=C3C(=C4C(=C2)C=C(C(=O)O4)C5=CN=CC=C5)CCCN3C1,C1=CC=C(C=C1)N=NC2=C(C=CC3=C2C=CC(=C3)S(=O)(=O)[O-])O.[Na+]  ,1
C1CC2=C3C(=C4C(=C2)C=C(C(=O)O4)C5=CN=CC=C5)CCCN3C1,C1=CC=C2C(=C1)C(=CC=C2N=NC3=CC4=C(C=CC=C4S(=O)(=O)[O-])C(=C3)S(=O)(=O)[O-])N=NC5=C6C=CC(=CC6=C(C=C5)N=NC7=C(C=C8C=C(C=CC8=C7O)N)S(=O)(=O)[O-])S(=O)(=O)[O-].[Na+].[Na+].[Na+].[Na+]  ,1
C1CC2=C3C(=C4C(=C2)C=C(C(=O)O4)C5=CN=CC=C5)CCCN3C1,CCN(CCCl)C1=CC(=C(C=C1)/C=C/C2=[N+](C3=CC=CC=C3C2(C)C)C)C.[Cl-]  ,1
CN(C)C1=CC=C(C=C1)N=NC2=CC=CC=C2C(=O)O,CCNC1=CC2=C(C=C1C)C(=C3C=C(C(=[NH+]CC)C=C3O2)C)C4=CC=CC=C4C(=O)OCC.[Cl-]  ,0
CN(C)C1=CC=C(C=C1)N=NC2=CC=CC=C2C(=O)O,C1=CC=C(C=C1)N=NC2=C(C=CC3=C2C=CC(=C3)S(=O)(=O)[O-])O.[Na+]  ,1
CN(C)C1=CC=C(C=C1)N=NC2=CC=CC=C2C(=O)O,C1=CC=C2C(=C1)C(=CC=C2N=NC3=CC4=C(C=CC=C4S(=O)(=O)[O-])C(=C3)S(=O)(=O)[O-])N=NC5=C6C=CC(=CC6=C(C=C5)N=NC7=C(C=C8C=C(C=CC8=C7O)N)S(=O)(=O)[O-])S(=O)(=O)[O-].[Na+].[Na+].[Na+].[Na+]  ,1
CN(C)C1=CC=C(C=C1)N=NC2=CC=CC=C2C(=O)O,CCN(CCCl)C1=CC(=C(C=C1)/C=C/C2=[N+](C3=CC=CC=C3C2(C)C)C)C.[Cl-]  ,0
COC1=C(C=CC(=C1)C2=CC(=C(C=C2)N=NC3=C(C4=C(C=C3)C(=CC(=C4N)S(=O)(=O)[O-])S(=O)(=O)[O-])O)OC)N=NC5=C(C6=C(C=C5)C(=CC(=C6N)S(=O)(=O)[O-])S(=O)(=O)[O-])O.[Na+].[Na+].[Na+].[Na+],C1=CC=C(C=C1)N=NC2=C(C=CC3=C2C=CC(=C3)S(=O)(=O)[O-])O.[Na+]  ,1
COC1=C(C=CC(=C1)C2=CC(=C(C=C2)N=NC3=C(C4=C(C=C3)C(=CC(=C4N)S(=O)(=O)[O-])S(=O)(=O)[O-])O)OC)N=NC5=C(C6=C(C=C5)C(=CC(=C6N)S(=O)(=O)[O-])S(=O)(=O)[O-])O.[Na+].[Na+].[Na+].[Na+],C1=CC=C2C(=C1)C(=CC=C2N=NC3=CC4=C(C=CC=C4S(=O)(=O)[O-])C(=C3)S(=O)(=O)[O-])N=NC5=C6C=CC(=CC6=C(C=C5)N=NC7=C(C=C8C=C(C=CC8=C7O)N)S(=O)(=O)[O-])S(=O)(=O)[O-].[Na+].[Na+].[Na+].[Na+]  ,0
COC1=C(C=CC(=C1)C2=CC(=C(C=C2)N=NC3=C(C4=C(C=C3)C(=CC(=C4N)S(=O)(=O)[O-])S(=O)(=O)[O-])O)OC)N=NC5=C(C6=C(C=C5)C(=CC(=C6N)S(=O)(=O)[O-])S(=O)(=O)[O-])O.[Na+].[Na+].[Na+].[Na+],CCN(CCCl)C1=CC(=C(C=C1)/C=C/C2=[N+](C3=CC=CC=C3C2(C)C)C)C.[Cl-]  ,1
C1=CC=C(C=C1)N=NC2=C(C=CC3=C2C=CC(=C3)S(=O)(=O)[O-])O.[Na+]  ,C1=CC=C2C(=C1)C(=CC=C2N=NC3=CC4=C(C=CC=C4S(=O)(=O)[O-])C(=C3)S(=O)(=O)[O-])N=NC5=C6C=CC(=CC6=C(C=C5)N=NC7=C(C=C8C=C(C=CC8=C7O)N)S(=O)(=O)[O-])S(=O)(=O)[O-].[Na+].[Na+].[Na+].[Na+]  ,1
C1=CC=C(C=C1)N=NC2=C(C=CC3=C2C=CC(=C3)S(=O)(=O)[O-])O.[Na+]  ,CCN(CCCl)C1=CC(=C(C=C1)/C=C/C2=[N+](C3=CC=CC=C3C2(C)C)C)C.[Cl-]  ,1
C1=CC=C2C(=C1)C(=CC=C2N=NC3=CC4=C(C=CC=C4S(=O)(=O)[O-])C(=C3)S(=O)(=O)[O-])N=NC5=C6C=CC(=CC6=C(C=C5)N=NC7=C(C=C8C=C(C=CC8=C7O)N)S(=O)(=O)[O-])S(=O)(=O)[O-].[Na+].[Na+].[Na+].[Na+]  ,CCN(CCCl)C1=CC(=C(C=C1)/C=C/C2=[N+](C3=CC=CC=C3C2(C)C)C)C.[Cl-]  ,0
