Molecule A_OrganicSmiles,Molecule B_OrganicSmiles,Potential(15s),Potential(95s),Residue Index
CC1=C(C=C(C=C1)N=NC2=C(C=C(C(=C2)C)N)N)N=NC3=C(C=C(C(=C3)C)N)N.Cl.Cl  ,COC1=C(C=CC(=C1)C2=CC(=C(C=C2)N=NC3=C(C4=C(C=C3)C(=CC(=C4N)S(=O)(=O)[O-])S(=O)(=O)[O-])O)OC)N=NC5=C(C6=C(C=C5)C(=CC(=C6N)S(=O)(=O)[O-])S(=O)(=O)[O-])O.[Na+].[Na+].[Na+].[Na+],0.2467,0.22,0
CC1=C(C=C(C=C1)N=NC2=C(C=C(C(=C2)C)N)N)N=NC3=C(C=C(C(=C3)C)N)N.Cl.Cl  ,CC1=CC=CC=C1N=NC2=CC(=C(C=C2)N=NC3=C(C=CC4=CC=CC=C43)O)C ,0.2733,0.2784,1
CC1=C(C=C(C=C1)N=NC2=C(C=C(C(=C2)C)N)N)N=NC3=C(C=C(C(=C3)C)N)N.Cl.Cl  ,CC1=C(C=CC(=C1)C2(C3=CC=CC=C3S(=O)(=O)O2)C4=CC(=C(C=C4)O)C)O ,-0.08615,-0.1287,0
CC1=C(C=C(C=C1)N=NC2=C(C=C(C(=C2)C)N)N)N=NC3=C(C=C(C(=C3)C)N)N.Cl.Cl  ,C1=CC=C2C(=C1)C(=CC(=C2N)N=NC3=CC=C(C=C3)C4=CC=C(C=C4)N=NC5=C(C6=CC=CC=C6C(=C5)S(=O)(=O)[O-])N)S(=O)(=O)[O-].[Na+].[Na+] ,0.0953,0.06265,0
CC1=C(C=C(C=C1)N=NC2=C(C=C(C(=C2)C)N)N)N=NC3=C(C=C(C(=C3)C)N)N.Cl.Cl  ,CCCN(CCC)C(=O)CN.Cl,0.06063,0.0754,0
CC1=C(C=C(C=C1)N=NC2=C(C=C(C(=C2)C)N)N)N=NC3=C(C=C(C(=C3)C)N)N.Cl.Cl  ,CCOC1=CC=C(C=C1)N=NC2=CC(=C(C=C2)/C=C/C3=C(C=C(C=C3)N=NC4=CC=C(C=C4)OCC)S(=O)(=O)[O-])S(=O)(=O)[O-].[Na+].[Na+] ,0.3064,0.3288,1
CC1=C(C=C(C=C1)N=NC2=C(C=C(C(=C2)C)N)N)N=NC3=C(C=C(C(=C3)C)N)N.Cl.Cl  ,CCN(CC)C1=CC2=C(C=C1)C(=C3C=CC(=[N+](CC)CC)C=C3O2)C4=CC=CC=C4C(=O)O.[Cl-]  ,0.329,0.2462,0
CC1=C(C=C(C=C1)N=NC2=C(C=C(C(=C2)C)N)N)N=NC3=C(C=C(C(=C3)C)N)N.Cl.Cl  ,C1CC2=C3C(=C4C(=C2)C=C(C(=O)O4)C(=O)O)CCCN3C1  ,0.2146,0.1737,0
CC1=C(C=C(C=C1)N=NC2=C(C=C(C(=C2)C)N)N)N=NC3=C(C=C(C(=C3)C)N)N.Cl.Cl  ,C1CC2=C3C(=C4C(=C2)C=C(C(=O)O4)C5=CN=CC=C5)CCCN3C1,0.2993,0.292,1
CC1=C(C=C(C=C1)N=NC2=C(C=C(C(=C2)C)N)N)N=NC3=C(C=C(C(=C3)C)N)N.Cl.Cl  ,CN(C)C1=CC=C(C=C1)N=NC2=CC=CC=C2C(=O)O,0.2882,0.2828,1
CC1=C(C=C(C=C1)N=NC2=C(C=C(C(=C2)C)N)N)N=NC3=C(C=C(C(=C3)C)N)N.Cl.Cl  ,CCNC1=CC2=C(C=C1C)C(=C3C=C(C(=[NH+]CC)C=C3O2)C)C4=CC=CC=C4C(=O)OCC.[Cl-]  ,0.4,0.2748,0
CC1=C(C=C(C=C1)N=NC2=C(C=C(C(=C2)C)N)N)N=NC3=C(C=C(C(=C3)C)N)N.Cl.Cl  ,C1=CC=C(C=C1)N=NC2=C(C=CC3=C2C=CC(=C3)S(=O)(=O)[O-])O.[Na+]  ,0.3068,0.2916,1
CC1=C(C=C(C=C1)N=NC2=C(C=C(C(=C2)C)N)N)N=NC3=C(C=C(C(=C3)C)N)N.Cl.Cl  ,C1=CC=C2C(=C1)C(=CC=C2N=NC3=CC4=C(C=CC=C4S(=O)(=O)[O-])C(=C3)S(=O)(=O)[O-])N=NC5=C6C=CC(=CC6=C(C=C5)N=NC7=C(C=C8C=C(C=CC8=C7O)N)S(=O)(=O)[O-])S(=O)(=O)[O-].[Na+].[Na+].[Na+].[Na+]  ,0.1437,0.147,1
CC1=C(C=C(C=C1)N=NC2=C(C=C(C(=C2)C)N)N)N=NC3=C(C=C(C(=C3)C)N)N.Cl.Cl  ,CCN(CCCl)C1=CC(=C(C=C1)/C=C/C2=[N+](C3=CC=CC=C3C2(C)C)C)C.[Cl-]  ,0.3853,0.3879,1
COC1=C(C=CC(=C1)C2=CC(=C(C=C2)N=NC3=C(C4=C(C=C3)C(=CC(=C4N)S(=O)(=O)[O-])S(=O)(=O)[O-])O)OC)N=NC5=C(C6=C(C=C5)C(=CC(=C6N)S(=O)(=O)[O-])S(=O)(=O)[O-])O.[Na+].[Na+].[Na+].[Na+],CC1=CC=CC=C1N=NC2=CC(=C(C=C2)N=NC3=C(C=CC4=CC=CC=C43)O)C ,0.3151,0.3053,1
COC1=C(C=CC(=C1)C2=CC(=C(C=C2)N=NC3=C(C4=C(C=C3)C(=CC(=C4N)S(=O)(=O)[O-])S(=O)(=O)[O-])O)OC)N=NC5=C(C6=C(C=C5)C(=CC(=C6N)S(=O)(=O)[O-])S(=O)(=O)[O-])O.[Na+].[Na+].[Na+].[Na+],CC1=C(C=CC(=C1)C2(C3=CC=CC=C3S(=O)(=O)O2)C4=CC(=C(C=C4)O)C)O ,-0.07248,-0.005475,0
COC1=C(C=CC(=C1)C2=CC(=C(C=C2)N=NC3=C(C4=C(C=C3)C(=CC(=C4N)S(=O)(=O)[O-])S(=O)(=O)[O-])O)OC)N=NC5=C(C6=C(C=C5)C(=CC(=C6N)S(=O)(=O)[O-])S(=O)(=O)[O-])O.[Na+].[Na+].[Na+].[Na+],C1=CC=C2C(=C1)C(=CC(=C2N)N=NC3=CC=C(C=C3)C4=CC=C(C=C4)N=NC5=C(C6=CC=CC=C6C(=C5)S(=O)(=O)[O-])N)S(=O)(=O)[O-].[Na+].[Na+] ,0.2195,0.2117,1
COC1=C(C=CC(=C1)C2=CC(=C(C=C2)N=NC3=C(C4=C(C=C3)C(=CC(=C4N)S(=O)(=O)[O-])S(=O)(=O)[O-])O)OC)N=NC5=C(C6=C(C=C5)C(=CC(=C6N)S(=O)(=O)[O-])S(=O)(=O)[O-])O.[Na+].[Na+].[Na+].[Na+],CCCN(CCC)C(=O)CN.Cl,0.2852,0.3112,1
COC1=C(C=CC(=C1)C2=CC(=C(C=C2)N=NC3=C(C4=C(C=C3)C(=CC(=C4N)S(=O)(=O)[O-])S(=O)(=O)[O-])O)OC)N=NC5=C(C6=C(C=C5)C(=CC(=C6N)S(=O)(=O)[O-])S(=O)(=O)[O-])O.[Na+].[Na+].[Na+].[Na+],CCOC1=CC=C(C=C1)N=NC2=CC(=C(C=C2)/C=C/C3=C(C=C(C=C3)N=NC4=CC=C(C=C4)OCC)S(=O)(=O)[O-])S(=O)(=O)[O-].[Na+].[Na+] ,0.1379,0.2248,0
COC1=C(C=CC(=C1)C2=CC(=C(C=C2)N=NC3=C(C4=C(C=C3)C(=CC(=C4N)S(=O)(=O)[O-])S(=O)(=O)[O-])O)OC)N=NC5=C(C6=C(C=C5)C(=CC(=C6N)S(=O)(=O)[O-])S(=O)(=O)[O-])O.[Na+].[Na+].[Na+].[Na+],CCN(CC)C1=CC2=C(C=C1)C(=C3C=CC(=[N+](CC)CC)C=C3O2)C4=CC=CC=C4C(=O)O.[Cl-]  ,0.2096,0.1202,0
COC1=C(C=CC(=C1)C2=CC(=C(C=C2)N=NC3=C(C4=C(C=C3)C(=CC(=C4N)S(=O)(=O)[O-])S(=O)(=O)[O-])O)OC)N=NC5=C(C6=C(C=C5)C(=CC(=C6N)S(=O)(=O)[O-])S(=O)(=O)[O-])O.[Na+].[Na+].[Na+].[Na+],C1CC2=C3C(=C4C(=C2)C=C(C(=O)O4)C(=O)O)CCCN3C1  ,0.2345,0.1746,0
COC1=C(C=CC(=C1)C2=CC(=C(C=C2)N=NC3=C(C4=C(C=C3)C(=CC(=C4N)S(=O)(=O)[O-])S(=O)(=O)[O-])O)OC)N=NC5=C(C6=C(C=C5)C(=CC(=C6N)S(=O)(=O)[O-])S(=O)(=O)[O-])O.[Na+].[Na+].[Na+].[Na+],C1CC2=C3C(=C4C(=C2)C=C(C(=O)O4)C5=CN=CC=C5)CCCN3C1,0.2527,0.2106,0
COC1=C(C=CC(=C1)C2=CC(=C(C=C2)N=NC3=C(C4=C(C=C3)C(=CC(=C4N)S(=O)(=O)[O-])S(=O)(=O)[O-])O)OC)N=NC5=C(C6=C(C=C5)C(=CC(=C6N)S(=O)(=O)[O-])S(=O)(=O)[O-])O.[Na+].[Na+].[Na+].[Na+],CN(C)C1=CC=C(C=C1)N=NC2=CC=CC=C2C(=O)O,-0.1382,-0.000489,0
COC1=C(C=CC(=C1)C2=CC(=C(C=C2)N=NC3=C(C4=C(C=C3)C(=CC(=C4N)S(=O)(=O)[O-])S(=O)(=O)[O-])O)OC)N=NC5=C(C6=C(C=C5)C(=CC(=C6N)S(=O)(=O)[O-])S(=O)(=O)[O-])O.[Na+].[Na+].[Na+].[Na+],CCNC1=CC2=C(C=C1C)C(=C3C=C(C(=[NH+]CC)C=C3O2)C)C4=CC=CC=C4C(=O)OCC.[Cl-]  ,0.1329,0.1468,0
COC1=C(C=CC(=C1)C2=CC(=C(C=C2)N=NC3=C(C4=C(C=C3)C(=CC(=C4N)S(=O)(=O)[O-])S(=O)(=O)[O-])O)OC)N=NC5=C(C6=C(C=C5)C(=CC(=C6N)S(=O)(=O)[O-])S(=O)(=O)[O-])O.[Na+].[Na+].[Na+].[Na+],C1=CC=C(C=C1)N=NC2=C(C=CC3=C2C=CC(=C3)S(=O)(=O)[O-])O.[Na+]  ,-0.101,0.004154,0
COC1=C(C=CC(=C1)C2=CC(=C(C=C2)N=NC3=C(C4=C(C=C3)C(=CC(=C4N)S(=O)(=O)[O-])S(=O)(=O)[O-])O)OC)N=NC5=C(C6=C(C=C5)C(=CC(=C6N)S(=O)(=O)[O-])S(=O)(=O)[O-])O.[Na+].[Na+].[Na+].[Na+],C1=CC=C2C(=C1)C(=CC=C2N=NC3=CC4=C(C=CC=C4S(=O)(=O)[O-])C(=C3)S(=O)(=O)[O-])N=NC5=C6C=CC(=CC6=C(C=C5)N=NC7=C(C=C8C=C(C=CC8=C7O)N)S(=O)(=O)[O-])S(=O)(=O)[O-].[Na+].[Na+].[Na+].[Na+]  ,-0.08328,0.06489,0
COC1=C(C=CC(=C1)C2=CC(=C(C=C2)N=NC3=C(C4=C(C=C3)C(=CC(=C4N)S(=O)(=O)[O-])S(=O)(=O)[O-])O)OC)N=NC5=C(C6=C(C=C5)C(=CC(=C6N)S(=O)(=O)[O-])S(=O)(=O)[O-])O.[Na+].[Na+].[Na+].[Na+],CCN(CCCl)C1=CC(=C(C=C1)/C=C/C2=[N+](C3=CC=CC=C3C2(C)C)C)C.[Cl-]  ,0.3536,0.3525,1
CC1=CC=CC=C1N=NC2=CC(=C(C=C2)N=NC3=C(C=CC4=CC=CC=C43)O)C ,CC1=C(C=CC(=C1)C2(C3=CC=CC=C3S(=O)(=O)O2)C4=CC(=C(C=C4)O)C)O ,0.3423,0.3116,1
CC1=CC=CC=C1N=NC2=CC(=C(C=C2)N=NC3=C(C=CC4=CC=CC=C43)O)C ,C1=CC=C2C(=C1)C(=CC(=C2N)N=NC3=CC=C(C=C3)C4=CC=C(C=C4)N=NC5=C(C6=CC=CC=C6C(=C5)S(=O)(=O)[O-])N)S(=O)(=O)[O-].[Na+].[Na+] ,0.3537,0.3468,1
CC1=CC=CC=C1N=NC2=CC(=C(C=C2)N=NC3=C(C=CC4=CC=CC=C43)O)C ,CCCN(CCC)C(=O)CN.Cl,0.3455,0.3509,1
CC1=CC=CC=C1N=NC2=CC(=C(C=C2)N=NC3=C(C=CC4=CC=CC=C43)O)C ,CCOC1=CC=C(C=C1)N=NC2=CC(=C(C=C2)/C=C/C3=C(C=C(C=C3)N=NC4=CC=C(C=C4)OCC)S(=O)(=O)[O-])S(=O)(=O)[O-].[Na+].[Na+] ,0.2852,0.2599,1
CC1=CC=CC=C1N=NC2=CC(=C(C=C2)N=NC3=C(C=CC4=CC=CC=C43)O)C ,CCN(CC)C1=CC2=C(C=C1)C(=C3C=CC(=[N+](CC)CC)C=C3O2)C4=CC=CC=C4C(=O)O.[Cl-]  ,0.5048,0.4675,1
CC1=CC=CC=C1N=NC2=CC(=C(C=C2)N=NC3=C(C=CC4=CC=CC=C43)O)C ,C1CC2=C3C(=C4C(=C2)C=C(C(=O)O4)C(=O)O)CCCN3C1  ,0.3367,0.3589,1
CC1=CC=CC=C1N=NC2=CC(=C(C=C2)N=NC3=C(C=CC4=CC=CC=C43)O)C ,C1CC2=C3C(=C4C(=C2)C=C(C(=O)O4)C5=CN=CC=C5)CCCN3C1,0.4095,0.2467,0
CC1=CC=CC=C1N=NC2=CC(=C(C=C2)N=NC3=C(C=CC4=CC=CC=C43)O)C ,CN(C)C1=CC=C(C=C1)N=NC2=CC=CC=C2C(=O)O,0.3423,0.3116,1
CC1=CC=CC=C1N=NC2=CC(=C(C=C2)N=NC3=C(C=CC4=CC=CC=C43)O)C ,CCNC1=CC2=C(C=C1C)C(=C3C=C(C(=[NH+]CC)C=C3O2)C)C4=CC=CC=C4C(=O)OCC.[Cl-]  ,0.02346,0.1336,0
CC1=CC=CC=C1N=NC2=CC(=C(C=C2)N=NC3=C(C=CC4=CC=CC=C43)O)C ,C1=CC=C(C=C1)N=NC2=C(C=CC3=C2C=CC(=C3)S(=O)(=O)[O-])O.[Na+]  ,-0.101,0.004154,0
CC1=CC=CC=C1N=NC2=CC(=C(C=C2)N=NC3=C(C=CC4=CC=CC=C43)O)C ,C1=CC=C2C(=C1)C(=CC=C2N=NC3=CC4=C(C=CC=C4S(=O)(=O)[O-])C(=C3)S(=O)(=O)[O-])N=NC5=C6C=CC(=CC6=C(C=C5)N=NC7=C(C=C8C=C(C=CC8=C7O)N)S(=O)(=O)[O-])S(=O)(=O)[O-].[Na+].[Na+].[Na+].[Na+]  ,0.4328,0.4336,1
CC1=CC=CC=C1N=NC2=CC(=C(C=C2)N=NC3=C(C=CC4=CC=CC=C43)O)C ,CCN(CCCl)C1=CC(=C(C=C1)/C=C/C2=[N+](C3=CC=CC=C3C2(C)C)C)C.[Cl-]  ,0.233,0.1446,0
CC1=C(C=CC(=C1)C2(C3=CC=CC=C3S(=O)(=O)O2)C4=CC(=C(C=C4)O)C)O ,C1=CC=C2C(=C1)C(=CC(=C2N)N=NC3=CC=C(C=C3)C4=CC=C(C=C4)N=NC5=C(C6=CC=CC=C6C(=C5)S(=O)(=O)[O-])N)S(=O)(=O)[O-].[Na+].[Na+] ,0.2937,0.2813,1
CC1=C(C=CC(=C1)C2(C3=CC=CC=C3S(=O)(=O)O2)C4=CC(=C(C=C4)O)C)O ,CCCN(CCC)C(=O)CN.Cl,0.2906,0.1014,0
CC1=C(C=CC(=C1)C2(C3=CC=CC=C3S(=O)(=O)O2)C4=CC(=C(C=C4)O)C)O ,CCOC1=CC=C(C=C1)N=NC2=CC(=C(C=C2)/C=C/C3=C(C=C(C=C3)N=NC4=CC=C(C=C4)OCC)S(=O)(=O)[O-])S(=O)(=O)[O-].[Na+].[Na+] ,0.196,0.2329,0
CC1=C(C=CC(=C1)C2(C3=CC=CC=C3S(=O)(=O)O2)C4=CC(=C(C=C4)O)C)O ,CCN(CC)C1=CC2=C(C=C1)C(=C3C=CC(=[N+](CC)CC)C=C3O2)C4=CC=CC=C4C(=O)O.[Cl-]  ,0.5018,0.4449,0
CC1=C(C=CC(=C1)C2(C3=CC=CC=C3S(=O)(=O)O2)C4=CC(=C(C=C4)O)C)O ,C1CC2=C3C(=C4C(=C2)C=C(C(=O)O4)C(=O)O)CCCN3C1  ,0.3835,0.3075,0
CC1=C(C=CC(=C1)C2(C3=CC=CC=C3S(=O)(=O)O2)C4=CC(=C(C=C4)O)C)O ,C1CC2=C3C(=C4C(=C2)C=C(C(=O)O4)C5=CN=CC=C5)CCCN3C1,0.4217,0.3943,1
CC1=C(C=CC(=C1)C2(C3=CC=CC=C3S(=O)(=O)O2)C4=CC(=C(C=C4)O)C)O ,CN(C)C1=CC=C(C=C1)N=NC2=CC=CC=C2C(=O)O,0.2813,0.2792,1
CC1=C(C=CC(=C1)C2(C3=CC=CC=C3S(=O)(=O)O2)C4=CC(=C(C=C4)O)C)O ,CCNC1=CC2=C(C=C1C)C(=C3C=C(C(=[NH+]CC)C=C3O2)C)C4=CC=CC=C4C(=O)OCC.[Cl-]  ,0.2447,0.2347,1
CC1=C(C=CC(=C1)C2(C3=CC=CC=C3S(=O)(=O)O2)C4=CC(=C(C=C4)O)C)O ,C1=CC=C(C=C1)N=NC2=C(C=CC3=C2C=CC(=C3)S(=O)(=O)[O-])O.[Na+]  ,0.3225,0.3118,1
CC1=C(C=CC(=C1)C2(C3=CC=CC=C3S(=O)(=O)O2)C4=CC(=C(C=C4)O)C)O ,C1=CC=C2C(=C1)C(=CC=C2N=NC3=CC4=C(C=CC=C4S(=O)(=O)[O-])C(=C3)S(=O)(=O)[O-])N=NC5=C6C=CC(=CC6=C(C=C5)N=NC7=C(C=C8C=C(C=CC8=C7O)N)S(=O)(=O)[O-])S(=O)(=O)[O-].[Na+].[Na+].[Na+].[Na+]  ,0.4089,0.4044,1
CC1=C(C=CC(=C1)C2(C3=CC=CC=C3S(=O)(=O)O2)C4=CC(=C(C=C4)O)C)O ,CCN(CCCl)C1=CC(=C(C=C1)/C=C/C2=[N+](C3=CC=CC=C3C2(C)C)C)C.[Cl-]  ,-0.1347,-0.1344,1
C1=CC=C2C(=C1)C(=CC(=C2N)N=NC3=CC=C(C=C3)C4=CC=C(C=C4)N=NC5=C(C6=CC=CC=C6C(=C5)S(=O)(=O)[O-])N)S(=O)(=O)[O-].[Na+].[Na+] ,CCCN(CCC)C(=O)CN.Cl,-0.02936,0.004769,0
C1=CC=C2C(=C1)C(=CC(=C2N)N=NC3=CC=C(C=C3)C4=CC=C(C=C4)N=NC5=C(C6=CC=CC=C6C(=C5)S(=O)(=O)[O-])N)S(=O)(=O)[O-].[Na+].[Na+] ,CCOC1=CC=C(C=C1)N=NC2=CC(=C(C=C2)/C=C/C3=C(C=C(C=C3)N=NC4=CC=C(C=C4)OCC)S(=O)(=O)[O-])S(=O)(=O)[O-].[Na+].[Na+] ,0.2817,0.3151,0
C1=CC=C2C(=C1)C(=CC(=C2N)N=NC3=CC=C(C=C3)C4=CC=C(C=C4)N=NC5=C(C6=CC=CC=C6C(=C5)S(=O)(=O)[O-])N)S(=O)(=O)[O-].[Na+].[Na+] ,CCN(CC)C1=CC2=C(C=C1)C(=C3C=CC(=[N+](CC)CC)C=C3O2)C4=CC=CC=C4C(=O)O.[Cl-]  ,0.2491,0.1892,0
C1=CC=C2C(=C1)C(=CC(=C2N)N=NC3=CC=C(C=C3)C4=CC=C(C=C4)N=NC5=C(C6=CC=CC=C6C(=C5)S(=O)(=O)[O-])N)S(=O)(=O)[O-].[Na+].[Na+] ,C1CC2=C3C(=C4C(=C2)C=C(C(=O)O4)C(=O)O)CCCN3C1  ,0.1997,0.1246,0
C1=CC=C2C(=C1)C(=CC(=C2N)N=NC3=CC=C(C=C3)C4=CC=C(C=C4)N=NC5=C(C6=CC=CC=C6C(=C5)S(=O)(=O)[O-])N)S(=O)(=O)[O-].[Na+].[Na+] ,C1CC2=C3C(=C4C(=C2)C=C(C(=O)O4)C5=CN=CC=C5)CCCN3C1,0.3332,0.3015,1
C1=CC=C2C(=C1)C(=CC(=C2N)N=NC3=CC=C(C=C3)C4=CC=C(C=C4)N=NC5=C(C6=CC=CC=C6C(=C5)S(=O)(=O)[O-])N)S(=O)(=O)[O-].[Na+].[Na+] ,CN(C)C1=CC=C(C=C1)N=NC2=CC=CC=C2C(=O)O,0.2268,0.3215,0
C1=CC=C2C(=C1)C(=CC(=C2N)N=NC3=CC=C(C=C3)C4=CC=C(C=C4)N=NC5=C(C6=CC=CC=C6C(=C5)S(=O)(=O)[O-])N)S(=O)(=O)[O-].[Na+].[Na+] ,CCNC1=CC2=C(C=C1C)C(=C3C=C(C(=[NH+]CC)C=C3O2)C)C4=CC=CC=C4C(=O)OCC.[Cl-]  ,-0.04973,0.3343,0
C1=CC=C2C(=C1)C(=CC(=C2N)N=NC3=CC=C(C=C3)C4=CC=C(C=C4)N=NC5=C(C6=CC=CC=C6C(=C5)S(=O)(=O)[O-])N)S(=O)(=O)[O-].[Na+].[Na+] ,C1=CC=C(C=C1)N=NC2=C(C=CC3=C2C=CC(=C3)S(=O)(=O)[O-])O.[Na+]  ,0.4234,0.0519,0
C1=CC=C2C(=C1)C(=CC(=C2N)N=NC3=CC=C(C=C3)C4=CC=C(C=C4)N=NC5=C(C6=CC=CC=C6C(=C5)S(=O)(=O)[O-])N)S(=O)(=O)[O-].[Na+].[Na+] ,C1=CC=C2C(=C1)C(=CC=C2N=NC3=CC4=C(C=CC=C4S(=O)(=O)[O-])C(=C3)S(=O)(=O)[O-])N=NC5=C6C=CC(=CC6=C(C=C5)N=NC7=C(C=C8C=C(C=CC8=C7O)N)S(=O)(=O)[O-])S(=O)(=O)[O-].[Na+].[Na+].[Na+].[Na+]  ,0.407,0.4186,1
C1=CC=C2C(=C1)C(=CC(=C2N)N=NC3=CC=C(C=C3)C4=CC=C(C=C4)N=NC5=C(C6=CC=CC=C6C(=C5)S(=O)(=O)[O-])N)S(=O)(=O)[O-].[Na+].[Na+] ,CCN(CCCl)C1=CC(=C(C=C1)/C=C/C2=[N+](C3=CC=CC=C3C2(C)C)C)C.[Cl-]  ,0.2785,0.2766,1
CCCN(CCC)C(=O)CN.Cl,CCOC1=CC=C(C=C1)N=NC2=CC(=C(C=C2)/C=C/C3=C(C=C(C=C3)N=NC4=CC=C(C=C4)OCC)S(=O)(=O)[O-])S(=O)(=O)[O-].[Na+].[Na+] ,0.2582,0.2811,1
CCCN(CCC)C(=O)CN.Cl,CCN(CC)C1=CC2=C(C=C1)C(=C3C=CC(=[N+](CC)CC)C=C3O2)C4=CC=CC=C4C(=O)O.[Cl-]  ,0.2895,0.2992,1
CCCN(CCC)C(=O)CN.Cl,C1CC2=C3C(=C4C(=C2)C=C(C(=O)O4)C(=O)O)CCCN3C1  ,0.314,0.2969,1
CCCN(CCC)C(=O)CN.Cl,C1CC2=C3C(=C4C(=C2)C=C(C(=O)O4)C5=CN=CC=C5)CCCN3C1,0.3124,0.2789,0
CCCN(CCC)C(=O)CN.Cl,CN(C)C1=CC=C(C=C1)N=NC2=CC=CC=C2C(=O)O,0.2728,0.2829,1
CCCN(CCC)C(=O)CN.Cl,CCNC1=CC2=C(C=C1C)C(=C3C=C(C(=[NH+]CC)C=C3O2)C)C4=CC=CC=C4C(=O)OCC.[Cl-]  ,0.2144,0.2029,1
CCCN(CCC)C(=O)CN.Cl,C1=CC=C(C=C1)N=NC2=C(C=CC3=C2C=CC(=C3)S(=O)(=O)[O-])O.[Na+]  ,0.2937,0.2869,1
CCCN(CCC)C(=O)CN.Cl,C1=CC=C2C(=C1)C(=CC=C2N=NC3=CC4=C(C=CC=C4S(=O)(=O)[O-])C(=C3)S(=O)(=O)[O-])N=NC5=C6C=CC(=CC6=C(C=C5)N=NC7=C(C=C8C=C(C=CC8=C7O)N)S(=O)(=O)[O-])S(=O)(=O)[O-].[Na+].[Na+].[Na+].[Na+]  ,-0.007036,0.03206,0
CCCN(CCC)C(=O)CN.Cl,CCN(CCCl)C1=CC(=C(C=C1)/C=C/C2=[N+](C3=CC=CC=C3C2(C)C)C)C.[Cl-]  ,0.2822,0.296,1
CCOC1=CC=C(C=C1)N=NC2=CC(=C(C=C2)/C=C/C3=C(C=C(C=C3)N=NC4=CC=C(C=C4)OCC)S(=O)(=O)[O-])S(=O)(=O)[O-].[Na+].[Na+] ,CCN(CC)C1=CC2=C(C=C1)C(=C3C=CC(=[N+](CC)CC)C=C3O2)C4=CC=CC=C4C(=O)O.[Cl-]  ,0.3133,0.2473,0
CCOC1=CC=C(C=C1)N=NC2=CC(=C(C=C2)/C=C/C3=C(C=C(C=C3)N=NC4=CC=C(C=C4)OCC)S(=O)(=O)[O-])S(=O)(=O)[O-].[Na+].[Na+] ,C1CC2=C3C(=C4C(=C2)C=C(C(=O)O4)C(=O)O)CCCN3C1  ,0.3544,0.2461,0
CCOC1=CC=C(C=C1)N=NC2=CC(=C(C=C2)/C=C/C3=C(C=C(C=C3)N=NC4=CC=C(C=C4)OCC)S(=O)(=O)[O-])S(=O)(=O)[O-].[Na+].[Na+] ,C1CC2=C3C(=C4C(=C2)C=C(C(=O)O4)C5=CN=CC=C5)CCCN3C1,0.2737,0.2885,1
CCOC1=CC=C(C=C1)N=NC2=CC(=C(C=C2)/C=C/C3=C(C=C(C=C3)N=NC4=CC=C(C=C4)OCC)S(=O)(=O)[O-])S(=O)(=O)[O-].[Na+].[Na+] ,CN(C)C1=CC=C(C=C1)N=NC2=CC=CC=C2C(=O)O,0.1428,0.2291,0
CCOC1=CC=C(C=C1)N=NC2=CC(=C(C=C2)/C=C/C3=C(C=C(C=C3)N=NC4=CC=C(C=C4)OCC)S(=O)(=O)[O-])S(=O)(=O)[O-].[Na+].[Na+] ,CCNC1=CC2=C(C=C1C)C(=C3C=C(C(=[NH+]CC)C=C3O2)C)C4=CC=CC=C4C(=O)OCC.[Cl-]  ,0.3933,0.4001,1
CCOC1=CC=C(C=C1)N=NC2=CC(=C(C=C2)/C=C/C3=C(C=C(C=C3)N=NC4=CC=C(C=C4)OCC)S(=O)(=O)[O-])S(=O)(=O)[O-].[Na+].[Na+] ,C1=CC=C(C=C1)N=NC2=C(C=CC3=C2C=CC(=C3)S(=O)(=O)[O-])O.[Na+]  ,0.1707,0.173,1
CCOC1=CC=C(C=C1)N=NC2=CC(=C(C=C2)/C=C/C3=C(C=C(C=C3)N=NC4=CC=C(C=C4)OCC)S(=O)(=O)[O-])S(=O)(=O)[O-].[Na+].[Na+] ,C1=CC=C2C(=C1)C(=CC=C2N=NC3=CC4=C(C=CC=C4S(=O)(=O)[O-])C(=C3)S(=O)(=O)[O-])N=NC5=C6C=CC(=CC6=C(C=C5)N=NC7=C(C=C8C=C(C=CC8=C7O)N)S(=O)(=O)[O-])S(=O)(=O)[O-].[Na+].[Na+].[Na+].[Na+]  ,0.4175,0.4118,1
CCOC1=CC=C(C=C1)N=NC2=CC(=C(C=C2)/C=C/C3=C(C=C(C=C3)N=NC4=CC=C(C=C4)OCC)S(=O)(=O)[O-])S(=O)(=O)[O-].[Na+].[Na+] ,CCN(CCCl)C1=CC(=C(C=C1)/C=C/C2=[N+](C3=CC=CC=C3C2(C)C)C)C.[Cl-]  ,0.3821,0.3755,1
CCN(CC)C1=CC2=C(C=C1)C(=C3C=CC(=[N+](CC)CC)C=C3O2)C4=CC=CC=C4C(=O)O.[Cl-]  ,C1CC2=C3C(=C4C(=C2)C=C(C(=O)O4)C(=O)O)CCCN3C1  ,0.4148,0.3355,0
CCN(CC)C1=CC2=C(C=C1)C(=C3C=CC(=[N+](CC)CC)C=C3O2)C4=CC=CC=C4C(=O)O.[Cl-]  ,C1CC2=C3C(=C4C(=C2)C=C(C(=O)O4)C5=CN=CC=C5)CCCN3C1,0.4038,0.06872,0
CCN(CC)C1=CC2=C(C=C1)C(=C3C=CC(=[N+](CC)CC)C=C3O2)C4=CC=CC=C4C(=O)O.[Cl-]  ,CN(C)C1=CC=C(C=C1)N=NC2=CC=CC=C2C(=O)O,-0.2844,-0.3201,0
CCN(CC)C1=CC2=C(C=C1)C(=C3C=CC(=[N+](CC)CC)C=C3O2)C4=CC=CC=C4C(=O)O.[Cl-]  ,CCNC1=CC2=C(C=C1C)C(=C3C=C(C(=[NH+]CC)C=C3O2)C)C4=CC=CC=C4C(=O)OCC.[Cl-]  ,-0.1852,-0.3075,0
CCN(CC)C1=CC2=C(C=C1)C(=C3C=CC(=[N+](CC)CC)C=C3O2)C4=CC=CC=C4C(=O)O.[Cl-]  ,C1=CC=C(C=C1)N=NC2=C(C=CC3=C2C=CC(=C3)S(=O)(=O)[O-])O.[Na+]  ,0.2802,0.2191,0
CCN(CC)C1=CC2=C(C=C1)C(=C3C=CC(=[N+](CC)CC)C=C3O2)C4=CC=CC=C4C(=O)O.[Cl-]  ,C1=CC=C2C(=C1)C(=CC=C2N=NC3=CC4=C(C=CC=C4S(=O)(=O)[O-])C(=C3)S(=O)(=O)[O-])N=NC5=C6C=CC(=CC6=C(C=C5)N=NC7=C(C=C8C=C(C=CC8=C7O)N)S(=O)(=O)[O-])S(=O)(=O)[O-].[Na+].[Na+].[Na+].[Na+]  ,0.3821,0.4007,1
CCN(CC)C1=CC2=C(C=C1)C(=C3C=CC(=[N+](CC)CC)C=C3O2)C4=CC=CC=C4C(=O)O.[Cl-]  ,CCN(CCCl)C1=CC(=C(C=C1)/C=C/C2=[N+](C3=CC=CC=C3C2(C)C)C)C.[Cl-]  ,0.49,0.4703,1
C1CC2=C3C(=C4C(=C2)C=C(C(=O)O4)C(=O)O)CCCN3C1  ,C1CC2=C3C(=C4C(=C2)C=C(C(=O)O4)C5=CN=CC=C5)CCCN3C1,0.4389,0.4207,1
C1CC2=C3C(=C4C(=C2)C=C(C(=O)O4)C(=O)O)CCCN3C1  ,CN(C)C1=CC=C(C=C1)N=NC2=CC=CC=C2C(=O)O,0.4069,0.346,0
C1CC2=C3C(=C4C(=C2)C=C(C(=O)O4)C(=O)O)CCCN3C1  ,CCNC1=CC2=C(C=C1C)C(=C3C=C(C(=[NH+]CC)C=C3O2)C)C4=CC=CC=C4C(=O)OCC.[Cl-]  ,0.457,0.4122,1
C1CC2=C3C(=C4C(=C2)C=C(C(=O)O4)C(=O)O)CCCN3C1  ,C1=CC=C(C=C1)N=NC2=C(C=CC3=C2C=CC(=C3)S(=O)(=O)[O-])O.[Na+]  ,0.3565,0.3468,1
C1CC2=C3C(=C4C(=C2)C=C(C(=O)O4)C(=O)O)CCCN3C1  ,C1=CC=C2C(=C1)C(=CC=C2N=NC3=CC4=C(C=CC=C4S(=O)(=O)[O-])C(=C3)S(=O)(=O)[O-])N=NC5=C6C=CC(=CC6=C(C=C5)N=NC7=C(C=C8C=C(C=CC8=C7O)N)S(=O)(=O)[O-])S(=O)(=O)[O-].[Na+].[Na+].[Na+].[Na+]  ,0.294,0.2304,0
C1CC2=C3C(=C4C(=C2)C=C(C(=O)O4)C(=O)O)CCCN3C1  ,CCN(CCCl)C1=CC(=C(C=C1)/C=C/C2=[N+](C3=CC=CC=C3C2(C)C)C)C.[Cl-]  ,0.4634,0.4177,1
C1CC2=C3C(=C4C(=C2)C=C(C(=O)O4)C5=CN=CC=C5)CCCN3C1,CN(C)C1=CC=C(C=C1)N=NC2=CC=CC=C2C(=O)O,0.1569,0.1426,1
C1CC2=C3C(=C4C(=C2)C=C(C(=O)O4)C5=CN=CC=C5)CCCN3C1,CCNC1=CC2=C(C=C1C)C(=C3C=C(C(=[NH+]CC)C=C3O2)C)C4=CC=CC=C4C(=O)OCC.[Cl-]  ,0.4074,0.4088,1
C1CC2=C3C(=C4C(=C2)C=C(C(=O)O4)C5=CN=CC=C5)CCCN3C1,C1=CC=C(C=C1)N=NC2=C(C=CC3=C2C=CC(=C3)S(=O)(=O)[O-])O.[Na+]  ,0.4525,0.4261,1
C1CC2=C3C(=C4C(=C2)C=C(C(=O)O4)C5=CN=CC=C5)CCCN3C1,C1=CC=C2C(=C1)C(=CC=C2N=NC3=CC4=C(C=CC=C4S(=O)(=O)[O-])C(=C3)S(=O)(=O)[O-])N=NC5=C6C=CC(=CC6=C(C=C5)N=NC7=C(C=C8C=C(C=CC8=C7O)N)S(=O)(=O)[O-])S(=O)(=O)[O-].[Na+].[Na+].[Na+].[Na+]  ,0.1532,0.1613,1
C1CC2=C3C(=C4C(=C2)C=C(C(=O)O4)C5=CN=CC=C5)CCCN3C1,CCN(CCCl)C1=CC(=C(C=C1)/C=C/C2=[N+](C3=CC=CC=C3C2(C)C)C)C.[Cl-]  ,0.09912,0.09895,1
CN(C)C1=CC=C(C=C1)N=NC2=CC=CC=C2C(=O)O,CCNC1=CC2=C(C=C1C)C(=C3C=C(C(=[NH+]CC)C=C3O2)C)C4=CC=CC=C4C(=O)OCC.[Cl-]  ,0.1655,0.3144,0
CN(C)C1=CC=C(C=C1)N=NC2=CC=CC=C2C(=O)O,C1=CC=C(C=C1)N=NC2=C(C=CC3=C2C=CC(=C3)S(=O)(=O)[O-])O.[Na+]  ,0.3225,0.3118,1
CN(C)C1=CC=C(C=C1)N=NC2=CC=CC=C2C(=O)O,C1=CC=C2C(=C1)C(=CC=C2N=NC3=CC4=C(C=CC=C4S(=O)(=O)[O-])C(=C3)S(=O)(=O)[O-])N=NC5=C6C=CC(=CC6=C(C=C5)N=NC7=C(C=C8C=C(C=CC8=C7O)N)S(=O)(=O)[O-])S(=O)(=O)[O-].[Na+].[Na+].[Na+].[Na+]  ,0.2672,0.2447,1
CN(C)C1=CC=C(C=C1)N=NC2=CC=CC=C2C(=O)O,CCN(CCCl)C1=CC(=C(C=C1)/C=C/C2=[N+](C3=CC=CC=C3C2(C)C)C)C.[Cl-]  ,0.1299,0.09657,0
COC1=C(C=CC(=C1)C2=CC(=C(C=C2)N=NC3=C(C4=C(C=C3)C(=CC(=C4N)S(=O)(=O)[O-])S(=O)(=O)[O-])O)OC)N=NC5=C(C6=C(C=C5)C(=CC(=C6N)S(=O)(=O)[O-])S(=O)(=O)[O-])O.[Na+].[Na+].[Na+].[Na+],C1=CC=C(C=C1)N=NC2=C(C=CC3=C2C=CC(=C3)S(=O)(=O)[O-])O.[Na+]  ,0.4324,0.4198,1
COC1=C(C=CC(=C1)C2=CC(=C(C=C2)N=NC3=C(C4=C(C=C3)C(=CC(=C4N)S(=O)(=O)[O-])S(=O)(=O)[O-])O)OC)N=NC5=C(C6=C(C=C5)C(=CC(=C6N)S(=O)(=O)[O-])S(=O)(=O)[O-])O.[Na+].[Na+].[Na+].[Na+],C1=CC=C2C(=C1)C(=CC=C2N=NC3=CC4=C(C=CC=C4S(=O)(=O)[O-])C(=C3)S(=O)(=O)[O-])N=NC5=C6C=CC(=CC6=C(C=C5)N=NC7=C(C=C8C=C(C=CC8=C7O)N)S(=O)(=O)[O-])S(=O)(=O)[O-].[Na+].[Na+].[Na+].[Na+]  ,0.2,-0.0373,0
COC1=C(C=CC(=C1)C2=CC(=C(C=C2)N=NC3=C(C4=C(C=C3)C(=CC(=C4N)S(=O)(=O)[O-])S(=O)(=O)[O-])O)OC)N=NC5=C(C6=C(C=C5)C(=CC(=C6N)S(=O)(=O)[O-])S(=O)(=O)[O-])O.[Na+].[Na+].[Na+].[Na+],CCN(CCCl)C1=CC(=C(C=C1)/C=C/C2=[N+](C3=CC=CC=C3C2(C)C)C)C.[Cl-]  ,0.4383,0.4576,1
C1=CC=C(C=C1)N=NC2=C(C=CC3=C2C=CC(=C3)S(=O)(=O)[O-])O.[Na+]  ,C1=CC=C2C(=C1)C(=CC=C2N=NC3=CC4=C(C=CC=C4S(=O)(=O)[O-])C(=C3)S(=O)(=O)[O-])N=NC5=C6C=CC(=CC6=C(C=C5)N=NC7=C(C=C8C=C(C=CC8=C7O)N)S(=O)(=O)[O-])S(=O)(=O)[O-].[Na+].[Na+].[Na+].[Na+]  ,0.2517,0.23,1
C1=CC=C(C=C1)N=NC2=C(C=CC3=C2C=CC(=C3)S(=O)(=O)[O-])O.[Na+]  ,CCN(CCCl)C1=CC(=C(C=C1)/C=C/C2=[N+](C3=CC=CC=C3C2(C)C)C)C.[Cl-]  ,0.2551,0.2727,1
C1=CC=C2C(=C1)C(=CC=C2N=NC3=CC4=C(C=CC=C4S(=O)(=O)[O-])C(=C3)S(=O)(=O)[O-])N=NC5=C6C=CC(=CC6=C(C=C5)N=NC7=C(C=C8C=C(C=CC8=C7O)N)S(=O)(=O)[O-])S(=O)(=O)[O-].[Na+].[Na+].[Na+].[Na+]  ,CCN(CCCl)C1=CC(=C(C=C1)/C=C/C2=[N+](C3=CC=CC=C3C2(C)C)C)C.[Cl-]  ,0.3511,0.4482,0
